{"learning_rate": 0.030778826050239877, "max_depth": 15, "min_child_weight": 1, "subsample": 0.6967899834941241, "colsample_bytree": 0.91685504883316, "gamma": 0.6100443660638177, "lambda": 0.00015685777523526356, "alpha": 0.12666681398711838}