{"learning_rate": 0.03354700274240363, "max_depth": 11, "min_child_weight": 2, "subsample": 0.8591537015064284, "colsample_bytree": 0.6248283130633835, "gamma": 0.04876400035578385, "lambda": 0.8573576283648117, "alpha": 0.4738249505418752}