{"learning_rate": 0.01900523585360804, "max_depth": 14, "min_child_weight": 4, "subsample": 0.7720793913664874, "colsample_bytree": 0.7556629809524108, "gamma": 0.7388646617820716, "lambda": 0.08024100172967137, "alpha": 0.012986769189133373}