{"learning_rate": 0.03054269405258273, "max_depth": 14, "min_child_weight": 2, "subsample": 0.8390297651976207, "colsample_bytree": 0.7645960704988223, "gamma": 0.31750197569050875, "lambda": 0.014493236557322603, "alpha": 0.14473547101349377}