{"learning_rate": 0.02282441873476532, "max_depth": 15, "min_child_weight": 6, "subsample": 0.7068407986606638, "colsample_bytree": 0.8694504241337945, "gamma": 0.2942837899425971, "lambda": 0.010976496285290701, "alpha": 1.0046573774143844e-05}