{"learning_rate": 0.03406770776475422, "max_depth": 14, "min_child_weight": 2, "subsample": 0.6528703189894607, "colsample_bytree": 0.6770012790892762, "gamma": 0.9868234099122346, "lambda": 0.08449451751727231, "alpha": 0.010104484708575903}