{"learning_rate": 0.03773097123092949, "max_depth": 14, "min_child_weight": 1, "subsample": 0.8487912750851022, "colsample_bytree": 0.9036681770458171, "gamma": 0.31225183392080513, "lambda": 1.8631444987082166, "alpha": 0.000855276123718209}