{"learning_rate": 0.02956727916401905, "max_depth": 15, "min_child_weight": 7, "subsample": 0.9469523632440178, "colsample_bytree": 0.7822388324558135, "gamma": 0.3133602170761195, "lambda": 0.009499486659488523, "alpha": 0.22681155883987417}