{"learning_rate": 0.1889455058975764, "num_leaves": 108, "max_depth": 13, "feature_fraction": 0.7371810218859858, "bagging_fraction": 0.988290243906987, "bagging_freq": 1, "min_child_samples": 24}