{"learning_rate": 0.0626061826414975, "max_depth": 15, "min_child_weight": 9, "subsample": 0.8836088582295716, "colsample_bytree": 0.8371407360205151, "gamma": 0.2267617887265729, "lambda": 1.9995011629943594e-05, "alpha": 5.039004536601504e-05}