{"learning_rate": 0.13702133416615545, "depth": 12, "l2_leaf_reg": 0.39876525928268947, "bagging_temperature": 0.5730465020155202, "random_strength": 1.8903434548728826, "border_count": 124}