{"learning_rate": 0.03419878628696352, "max_depth": 14, "min_child_weight": 5, "subsample": 0.9336374486689986, "colsample_bytree": 0.6125135257506091, "gamma": 0.3854994626456561, "lambda": 0.00011637344868250117, "alpha": 2.5203643987226175e-05}